VerifyGAN/models/TinyTaxiNet.nnet,p1a_cte_upper.vnnlib,60
VerifyGAN/models/TinyTaxiNet.nnet,p1b_cte_lower.vnnlib,60
VerifyGAN/models/TinyTaxiNet.nnet,p1c_he_upper.vnnlib,60
VerifyGAN/models/TinyTaxiNet.nnet,p1d_he_lower.vnnlib,60
VerifyGAN/models/TinyTaxiNet.nnet,p2_img01.vnnlib,60
VerifyGAN/models/TinyTaxiNet.nnet,p2_img02.vnnlib,60
VerifyGAN/models/TinyTaxiNet.nnet,p2_img03.vnnlib,60
VerifyGAN/models/TinyTaxiNet.nnet,p2_img04.vnnlib,60
VerifyGAN/models/TinyTaxiNet.nnet,p2_img05.vnnlib,60
VerifyGAN/models/TinyTaxiNet.nnet,p2_img06.vnnlib,60
VerifyGAN/models/TinyTaxiNet.nnet,p2_img07.vnnlib,60
VerifyGAN/models/TinyTaxiNet.nnet,p2_img08.vnnlib,60
VerifyGAN/models/TinyTaxiNet.nnet,p2_img09.vnnlib,60
VerifyGAN/models/TinyTaxiNet.nnet,p2_img10.vnnlib,60
VerifyGAN/models/TinyTaxiNet.nnet,p2_img11.vnnlib,60
VerifyGAN/models/TinyTaxiNet.nnet,p2_img12.vnnlib,60
VerifyGAN/models/TinyTaxiNet.nnet,p2_img13.vnnlib,60
VerifyGAN/models/TinyTaxiNet.nnet,p2_img14.vnnlib,60
VerifyGAN/models/TinyTaxiNet.nnet,p2_img15.vnnlib,60
VerifyGAN/models/TinyTaxiNet.nnet,p2_img16.vnnlib,60
VerifyGAN/models/TinyTaxiNet.nnet,p2_img17.vnnlib,60
VerifyGAN/models/TinyTaxiNet.nnet,p2_img18.vnnlib,60
VerifyGAN/models/TinyTaxiNet.nnet,p2_img19.vnnlib,60
VerifyGAN/models/TinyTaxiNet.nnet,p2_img20.vnnlib,60
VerifyGAN/models/TinyTaxiNet.nnet,p3_eps005_img01.vnnlib,60
VerifyGAN/models/TinyTaxiNet.nnet,p3_eps005_img02.vnnlib,60
VerifyGAN/models/TinyTaxiNet.nnet,p3_eps005_img03.vnnlib,60
VerifyGAN/models/TinyTaxiNet.nnet,p3_eps005_img04.vnnlib,60
VerifyGAN/models/TinyTaxiNet.nnet,p3_eps005_img05.vnnlib,60
VerifyGAN/models/TinyTaxiNet.nnet,p3_eps005_img06.vnnlib,60
VerifyGAN/models/TinyTaxiNet.nnet,p3_eps005_img07.vnnlib,60
VerifyGAN/models/TinyTaxiNet.nnet,p3_eps005_img08.vnnlib,60
VerifyGAN/models/TinyTaxiNet.nnet,p3_eps005_img09.vnnlib,60
VerifyGAN/models/TinyTaxiNet.nnet,p3_eps005_img10.vnnlib,60
VerifyGAN/models/TinyTaxiNet.nnet,p3_eps005_img11.vnnlib,60
VerifyGAN/models/TinyTaxiNet.nnet,p3_eps005_img12.vnnlib,60
VerifyGAN/models/TinyTaxiNet.nnet,p3_eps005_img13.vnnlib,60
VerifyGAN/models/TinyTaxiNet.nnet,p3_eps005_img14.vnnlib,60
VerifyGAN/models/TinyTaxiNet.nnet,p3_eps005_img15.vnnlib,60
VerifyGAN/models/TinyTaxiNet.nnet,p3_eps005_img16.vnnlib,60
VerifyGAN/models/TinyTaxiNet.nnet,p3_eps005_img17.vnnlib,60
VerifyGAN/models/TinyTaxiNet.nnet,p3_eps005_img18.vnnlib,60
VerifyGAN/models/TinyTaxiNet.nnet,p3_eps005_img19.vnnlib,60
VerifyGAN/models/TinyTaxiNet.nnet,p3_eps005_img20.vnnlib,60
VerifyGAN/models/TinyTaxiNet.nnet,p3_eps010_img01.vnnlib,60
VerifyGAN/models/TinyTaxiNet.nnet,p3_eps010_img02.vnnlib,60
VerifyGAN/models/TinyTaxiNet.nnet,p3_eps010_img03.vnnlib,60
VerifyGAN/models/TinyTaxiNet.nnet,p3_eps010_img04.vnnlib,60
VerifyGAN/models/TinyTaxiNet.nnet,p3_eps010_img05.vnnlib,60
VerifyGAN/models/TinyTaxiNet.nnet,p3_eps010_img06.vnnlib,60
VerifyGAN/models/TinyTaxiNet.nnet,p3_eps010_img07.vnnlib,60
VerifyGAN/models/TinyTaxiNet.nnet,p3_eps010_img08.vnnlib,60
VerifyGAN/models/TinyTaxiNet.nnet,p3_eps010_img09.vnnlib,60
VerifyGAN/models/TinyTaxiNet.nnet,p3_eps010_img10.vnnlib,60
VerifyGAN/models/TinyTaxiNet.nnet,p3_eps010_img11.vnnlib,60
VerifyGAN/models/TinyTaxiNet.nnet,p3_eps010_img12.vnnlib,60
VerifyGAN/models/TinyTaxiNet.nnet,p3_eps010_img13.vnnlib,60
VerifyGAN/models/TinyTaxiNet.nnet,p3_eps010_img14.vnnlib,60
VerifyGAN/models/TinyTaxiNet.nnet,p3_eps010_img15.vnnlib,60
VerifyGAN/models/TinyTaxiNet.nnet,p3_eps010_img16.vnnlib,60
VerifyGAN/models/TinyTaxiNet.nnet,p3_eps010_img17.vnnlib,60
VerifyGAN/models/TinyTaxiNet.nnet,p3_eps010_img18.vnnlib,60
VerifyGAN/models/TinyTaxiNet.nnet,p3_eps010_img19.vnnlib,60
VerifyGAN/models/TinyTaxiNet.nnet,p3_eps010_img20.vnnlib,60
VerifyGAN/models/TinyTaxiNet.nnet,p4_c_left.vnnlib,60
VerifyGAN/models/TinyTaxiNet.nnet,p4_c_right.vnnlib,60
VerifyGAN/models/TinyTaxiNet.nnet,p5_deadzone.vnnlib,60
VerifyGAN/models/TinyTaxiNet.nnet,p6_cte_upper_iter01.vnnlib,60
VerifyGAN/models/TinyTaxiNet.nnet,p6_cte_upper_iter02.vnnlib,60
VerifyGAN/models/TinyTaxiNet.nnet,p6_cte_upper_iter03.vnnlib,60
VerifyGAN/models/TinyTaxiNet.nnet,p6_cte_upper_iter04.vnnlib,60
VerifyGAN/models/TinyTaxiNet.nnet,p6_cte_upper_iter05.vnnlib,60
VerifyGAN/models/TinyTaxiNet.nnet,p6_cte_upper_iter06.vnnlib,60
VerifyGAN/models/TinyTaxiNet.nnet,p6_cte_upper_iter07.vnnlib,60
VerifyGAN/models/TinyTaxiNet.nnet,p6_cte_upper_iter08.vnnlib,60
VerifyGAN/models/TinyTaxiNet.nnet,p6_cte_upper_iter09.vnnlib,60
VerifyGAN/models/TinyTaxiNet.nnet,p6_cte_upper_iter10.vnnlib,60
VerifyGAN/models/TinyTaxiNet.nnet,p6_cte_upper_iter11.vnnlib,60
VerifyGAN/models/TinyTaxiNet.nnet,p6_cte_upper_iter12.vnnlib,60
VerifyGAN/models/TinyTaxiNet.nnet,p6_cte_lower_iter01.vnnlib,60
VerifyGAN/models/TinyTaxiNet.nnet,p6_cte_lower_iter02.vnnlib,60
VerifyGAN/models/TinyTaxiNet.nnet,p6_cte_lower_iter03.vnnlib,60
VerifyGAN/models/TinyTaxiNet.nnet,p6_cte_lower_iter04.vnnlib,60
VerifyGAN/models/TinyTaxiNet.nnet,p6_cte_lower_iter05.vnnlib,60
VerifyGAN/models/TinyTaxiNet.nnet,p6_cte_lower_iter06.vnnlib,60
VerifyGAN/models/TinyTaxiNet.nnet,p6_cte_lower_iter07.vnnlib,60
VerifyGAN/models/TinyTaxiNet.nnet,p6_cte_lower_iter08.vnnlib,60
VerifyGAN/models/TinyTaxiNet.nnet,p6_cte_lower_iter09.vnnlib,60
VerifyGAN/models/TinyTaxiNet.nnet,p6_cte_lower_iter10.vnnlib,60
VerifyGAN/models/TinyTaxiNet.nnet,p6_cte_lower_iter11.vnnlib,60
VerifyGAN/models/TinyTaxiNet.nnet,p6_cte_lower_iter12.vnnlib,60
VerifyGAN/models/TinyTaxiNet.nnet,p6_he_upper_iter01.vnnlib,60
VerifyGAN/models/TinyTaxiNet.nnet,p6_he_upper_iter02.vnnlib,60
VerifyGAN/models/TinyTaxiNet.nnet,p6_he_upper_iter03.vnnlib,60
VerifyGAN/models/TinyTaxiNet.nnet,p6_he_upper_iter04.vnnlib,60
VerifyGAN/models/TinyTaxiNet.nnet,p6_he_upper_iter05.vnnlib,60
VerifyGAN/models/TinyTaxiNet.nnet,p6_he_upper_iter06.vnnlib,60
VerifyGAN/models/TinyTaxiNet.nnet,p6_he_upper_iter07.vnnlib,60
VerifyGAN/models/TinyTaxiNet.nnet,p6_he_upper_iter08.vnnlib,60
VerifyGAN/models/TinyTaxiNet.nnet,p6_he_upper_iter09.vnnlib,60
VerifyGAN/models/TinyTaxiNet.nnet,p6_he_upper_iter10.vnnlib,60
VerifyGAN/models/TinyTaxiNet.nnet,p6_he_upper_iter11.vnnlib,60
VerifyGAN/models/TinyTaxiNet.nnet,p6_he_upper_iter12.vnnlib,60
VerifyGAN/models/TinyTaxiNet.nnet,p6_he_upper_iter13.vnnlib,60
VerifyGAN/models/TinyTaxiNet.nnet,p6_he_upper_iter14.vnnlib,60
VerifyGAN/models/TinyTaxiNet.nnet,p6_he_lower_iter01.vnnlib,60
VerifyGAN/models/TinyTaxiNet.nnet,p6_he_lower_iter02.vnnlib,60
VerifyGAN/models/TinyTaxiNet.nnet,p6_he_lower_iter03.vnnlib,60
VerifyGAN/models/TinyTaxiNet.nnet,p6_he_lower_iter04.vnnlib,60
VerifyGAN/models/TinyTaxiNet.nnet,p6_he_lower_iter05.vnnlib,60
VerifyGAN/models/TinyTaxiNet.nnet,p6_he_lower_iter06.vnnlib,60
VerifyGAN/models/TinyTaxiNet.nnet,p6_he_lower_iter07.vnnlib,60
VerifyGAN/models/TinyTaxiNet.nnet,p6_he_lower_iter08.vnnlib,60
VerifyGAN/models/TinyTaxiNet.nnet,p6_he_lower_iter09.vnnlib,60
VerifyGAN/models/TinyTaxiNet.nnet,p6_he_lower_iter10.vnnlib,60
VerifyGAN/models/TinyTaxiNet.nnet,p6_he_lower_iter11.vnnlib,60
VerifyGAN/models/TinyTaxiNet.nnet,p6_he_lower_iter12.vnnlib,60
VerifyGAN/models/TinyTaxiNet.nnet,p6_he_lower_iter13.vnnlib,60
VerifyGAN/models/TinyTaxiNet.nnet,p6_he_lower_iter14.vnnlib,60
